"Magento","21pm"
"Order Archives","Projekty Archiwalne"
"Amasty Order Attributes","Cechy Projektu"
"Manage Order Attributes","Zarządzaj Cechami"
"Manage Order Attributes Relations","Zarządzaj Relacjami Cech"
"Sales","Sprzedaż"
"Help Desk MX","Zadania"
"Manage Attributes","Zarządzaj Cechami"
"Manage Attribute Relations","Zarządzaj Relacjami Cech",
"Tickets","Zadania"
"Create New Ticket","Dodaj Zadanie"
"Requester","Klient"
"Assignee","Pracownik"
"Last Reply At","Ostatnia Odpowiedź"
"Open","Otwarte"
"In Progress","Realizowane"
"Archive Orders","Projekty Archiwalne"
"Attribute Code","Kod atrybutu"
"Attribute Label","Nazwa atrybutu"
"Visible","Widoczny"
"Checkout Step","Krok realizacji transakcji"
"Include Into PDFs","Dołącz do plików PDF"
"Appy Default","Zastosuj domyślne"
"Show on Grid","Pokaż w siatce"
"Position","Pozycja"
"No","Nie"
"Yes","Tak"
"Add New Order Attribute","Dodaj nowy atrybut zamówienia"
"Close Window","Zamknij okno"
"Save and Continue Edit","Zapisz i kontynuuj edycję"
"Save Attribute","Zapisz atrybut"
"Delete Attribute","Usuń atrybut"
"Edit Order Attribute ""%1""","Edytuj atrybut zamówienia ""%1"""
"New Order Attribute","Nowy atrybut zamówienia"
"Manage Conditions","Zarządzaj warunkami"
"Shipping Methods","Metody wysyłki"
"Store View","Widok sklepu"
"Visible on Front-end","Widoczne na interfejsie użytkownika"
"Visible on Back-end","Widoczne na zapleczu"
"On the Frontend Only","Tylko na interfejsie użytkownika"
"Length less than or equal to","Długość mniejsza lub równa"
"Validate Length","Sprawdź poprawność długości"
"Attribute Configuration","Konfiguracja atrybutów"
"Show On Checkout Step","Pokaż w kroku realizacji transakcji"
"Display Sorting Order","Wyświetl kolejność sortowania"
"Numeric, used in front-end to sort attributes","Numeryczne, używane w interfejsie do sortowania atrybutów"
"Save Entered Value For Future Checkout","Zapisz wprowadzoną wartość dla przyszłej kasy"
"If set to ""Yes"", previously entered value will be used during checkout. Works for registered customers only.","Jeśli ustawione na ""Tak"", poprzednio wprowadzona wartość zostanie użyta podczas realizacji transakcji. Działa tylko dla zarejestrowanych klientów."
"Show on Admin Grids","Pokaż na widoku administratora"
"Include Into HTML Print-out","Dołącz do wydruku HTML"
"Order confirmation HTML print-out.","Potwierdzenie wydruku HTML."
"Include Into PDF Documents","Dołącz do dokumentów PDF"
"Include Into API","Uwzględnij do API"
"Automatically Apply Default Value","Automatycznie zastosuj wartość domyślną"
"If set to `Yes`, the default value will be automatically applied for each order if attribute value is not entered or not visible at the frontend.","Jeśli ustawione na `Tak`, wartość domyślna zostanie automatycznie zastosowana dla każdego zamówienia, jeśli wartość atrybutu nie zostanie wprowadzona lub nie będzie widoczna w interfejsie użytkownika."
"Attribute Information","Informacje o atrybutach"
Properties,Właściwości
"Manage Label / Options","Zarządzaj etykietą / opcjami"
Conditions,Warunki
Attributes,Atrybuty
Change,Zmień
Back,Wróć
Reset,Resetuj
Save,Zapisz
"Delete Relation","Usuń relację"
"Are you sure you want to do this?","Czy na pewno chcesz to zrobić?"
Edit,Edytuj
"-- no value--","-- bez wartości--"
"Save Order Attributes","Zapisz atrybuty zamówienia"
"Attributes' Values","Wartości' atrybutów"
" "," "
No,Nie
Yes,Tak
Order,Zamówienie
"Order Attributes","Zamów atrybuty"
"We can't delete the attribute.","Nie możemy usunąć tego atrybutu."
"You deleted the order attribute.","Usunąłeś atrybut zamówienia."
"We can't find an attribute to delete.","Nie możemy znaleźć atrybutu do usunięcia."
"This attribute no longer exists.","Ten atrybut już nie istnieje."
"This attribute cannot be edited.","Tego atrybutu nie można edytować."
"Edit Order Attribute","Edytuj atrybut zamówienia"
"Order Attribute","Zamów atrybut"
"Manage Order Attributes","Zarządzaj Cechami"
"You can`t create attribute with this ""Attribute Code"": %1","Nie można utworzyć atrybutu za pomocą tego ""Kodu Atrybutu"": %1"
"You can`t update this attribute","Nie możesz zaktualizować tego atrybutu"
"Order attribute was successfully saved.","Atrybut zamówienia został pomyślnie zapisany."
" Note. Please Flush ""Cache Storage"" on Cache Management page."," Uwaga. Proszę opróżnić ""Pamięć podręczną"" na stronie Zarządzanie pamięcią podręczną."
"An attribute with this code already exists.","Atrybut z tym kodem już istnieje."
"An attribute with the same code (%1) already exists.","Atrybut z tym samym kodem (%1) już istnieje."
"Update Attributes","Zaktualizuj atrybuty"
"Please select orders.","Proszę wybrać zamówienia."
"Order attributes was successfully saved.","Zamówione atrybuty zostały pomyślnie zapisane."
"Something went wrong while saving the item data.","Coś poszło nie tak podczas zapisywania danych przedmiotu."
"Edit Attributes For The Order #%1","Edytuj atrybuty dla zamówienia #%1"
"The order attributes have been updated.","Atrybuty zamówienia zostały zaktualizowane."
"An error occurred while updating the order attributes.","Wystąpił błąd podczas aktualizowania atrybutów zamówienia."
Sales,Sprzedaż
"Attribute Relation","Relacja atrybutów"
"The Relation has been deleted.","Relacja została usunięta."
"This Relation does not exist.","Ta relacja nie istnieje."
"Manage Order Attribute Relation","Zarządzaj relacją atrybutów zamówień"
"Edit Relation ""%1s""","Edytuj relację ""%1s"""
"New Order Attribute Relation","Relacja atrybutów nowych zamówień"
"Edit Order Attribute Relation","Edytuj relację atrybutów zamówień"
"The Relation has been saved.","Relacja została zapisana."
"The Relation has not been saved. Please review the error log for the details.","Relacja nie została zapisana. Przejrzyj dziennik błędów, aby poznać szczegóły."
"The attribute_id is not defined. Please try to reload the page. ","Atrybut_id nie jest zdefiniowany. Spróbuj ponownie załadować stronę. "
"Invalid method %1::%2(%3)","Nieprawidłowa metoda %1::%2(%3)"
"Text Field","Pole tekstowe"
"Text Area","Obszar tekstowy"
Date,Data
"Date With Time","Data z czasem"
Yes/No,Tak/Nie
Dropdown,Lista
"Checkbox Group","Grupa Checkbox"
"Radio Buttons","Przyciski radiowe"
Shipping,Wysyłka
"Review & Payments","Przegląd i płatności"
"NOT LOGGED IN","NIE ZALOGOWANY"
"Unable to save attribute %1","Nie można zapisać atrybutu %1"
"Attribute with specified ID ""%1"" not found.","Nie znaleziono atrybutu o podanym ID ""%1""."
"Unable to remove attribute %1","Nie można usunąć atrybutu %1"
"Invoice # ","Faktura # "
"Packing Slip # ","List przewozowy # "
"Data is incorrect.","Dane są nieprawidłowe."
"Not Visible","Niewidoczny"
"Unable to save relation %1","Nie można zapisać relacji %1"
"Relation with specified ID ""%1"" not found.","Brak powiązania z określonym ID ""%1""."
"Unable to remove relation %1","Nie można usunąć relacji %1"
"Manage Options Hi(values of your attribute)","Zarządzaj opcjami Hi(wartości twojego atrybutu)"
"Is Default","Jest domyślny"
"Unselect All","Odznacz wszystko"
"Add Option","Dodaj opcję"
"Sort Option","Sortuj opcję"
Delete,Kasować
"Custom Attributes","Niestandardowe atrybuty"
"No attributes for this order","Brak atrybutów dla tego zamówienia"
"Additional Information:","Dodatkowe informacje:"
"Additional Info","Dodatkowe informacje"
"Edit Amasty Order Attributes","Edytuj atrybuty"
"Checkout Settings","Ustawienia koszyka"
"Display Attribute Values in the Progress Sidebar","Wyświetl wartości atrybutów na pasku bocznym postępu"
"Hide Empty Values in the Progress Sidebar","Ukryj puste wartości na pasku bocznym postępu"
"Date Format","Format daty"
"Format of date for outputting values","Format daty wyprowadzania wartości"
"PDF Documents","Dokumenty PDF"
"Include Order Attributes into Shipment (packing slip)","Dołącz atrybuty zamówienia do przesyłki (dokument dostawy)"
"Include Order Attributes into Invoice","Dołącz atrybuty zamówienia do faktury"
"Invoices and Shipments","Faktury i wysyłki"
"Display Order Attributes on Invoices Grid","Wyświetl atrybuty zamówień w widoku faktur"
"Display Order Attributes on Invoices View","Wyświetl atrybuty zamówień w widoku faktur"
"Display Order Attributes on Shipments Grid","Wyświetlaj atrybuty zamówień w widoku przesyłek"
"Display Order Attributes on Shipments View","Wyświetlaj atrybuty zamówień w widoku przesyłek"
shipment,Wysyłka
invoice,faktura
order,zamówienie
"Add New Order Attribute","Dodaj nowy atrybut zamówienia"
"Attribute Code","Kod atrybutu"
"Attribute Label","Nazwa atrybutu"
Visible,Widoczny
"Checkout Step","Krok realizacji transakcji"
"Include Into PDFs","Dołącz do plików PDF"
"Appy Default","Zastosuj domyślne"
"Show on Grid","Pokaż w wyglądzie"
Position,Pozycja
"Customer Group Catalog Relation","Relacja w katalogu grup klientów"
"Relation Information","Informacje o powiązaniach"
"Relation Name","Nazwa relacji"
"For internal use","Do użytku wewnętrznego"
"Parent Attribute","Atrybut nadrzędny"
"Attribute Options","Opcje atrybutów"
"Dependent Attributes","Zależne Atrybuty"
"Dependent attributes should be configured on the same checkout step as the parent attribute","Atrybuty zależne powinny być skonfigurowane na tym samym kroku kasy jako atrybut nadrzędny"
"Add New Relation","Dodaj nową relację"
"Attribute Codes","Kody atrybutów"
"Edit Order Attributes","Edytuj atrybuty zamówień"
"Please Select Items","Proszę wybrać przedmioty"
"Orders for archiving is not found!","Nie znaleziono zamówień do archiwizacji"
"Module is disabled.","Moduł jest wyłączony."
Sales,Sprzedaż
"Orders Archives","Archiwa zamówień"
"Something went wrong: orders haven't been moved. Check settings of extension and be sure that selected orders match the conditions.","Coś poszło nie tak: zamówienia nie zostały przeniesione. Sprawdź ustawienia rozszerzenia i upewnij się, że wybrane zamówienia pasują do warunków"
"Archive Orders","Projekty Archiwalne"
". 's Id's: '",". 's Id: '"
"Was Added To Archive","Dodano do archiwum"
"Was Removed Permanently","Został trwale usunięty"
"Was Removed From Archive","Został usunięty z archiwum"
"Orders in not archived!","Zamówienia nie są archiwizowane!"
"took less then a second","zajął mniej niż sekundę"
second(s).,sekundy.
minute(s),minuty
"Orders have been archived.","Zamówienia zostały zarchiwizowane."
"Archive is not registered","Archiwum nie jest zarejestrowane"
"We can't save the cron expression.","Nie możemy zapisać wyrażenia cron."
Hourly,Cogodzinny
"Two Times Per Day","Dwa razy dziennie"
Daily,Codziennie
Weekly,Co tydzień
Monthly,Miesięczny
"Are you sure you want to remove from archive this order?","Czy na pewno chcesz usunąć z archiwum to zamówienie?"
"Remove From Archive","Usuń z archiwum"
"Are you sure you want to archive this order?","Czy na pewno chcesz zarchiwizować to zamówienie?"
Archiving,Archiwizacja
"Order Archives","Projekty Archiwalne"
Order,Zamówienie
"Order Archive","Archiwum zamówień"
"General Settings","Ustawienia główne"
"Enable Orders Archive","Włącz archiwum zamówień"
"Archive Orders Older Than","Archiwum zamówień powyżej"
Days,Dni
"Order Status To Apply To","Stan zamówienia, aby zastosować do"
"Archive Frequency","Częstotliwość archiwizowania"
"Hide Archived Orders on Frontend","Ukryj zarchiwizowane zamówienia na interfejsie użytkownika"
"Email Notifications","Powiadomienia e-mail"
"Notify After Archiving is Complete","Powiadom po zakończeniu archiwizacji"
"E-mail Template","Szablon wiadomości e-mail"
"Send To E-mail Address","Wyślij na adres e-mail"
"Force Cron Job Actions","Wymuszaj akcje zadania Cron"
"Start Archiving","Rozpocznij archiwizację"
"All Store Views","Wszystkie widoki sklepu"
"Purchase Point","Punkt zakupu"
"Delete Permanently","Usuń trwale"
"Delete items","Usuń elementy"
"Are you sure you want to delete permanently this orders? The action is irreversible.","Czy na pewno chcesz trwale usunąć te zamówienia? Działanie jest nieodwracalne."
"Print Invoices","Drukuj faktury"
"Print Packing Slips","Drukowanie dokumentów dostawy"
"Print Credit Memos","Drukowanie faktury korygujące"
"Print All","Drukuj wszystko"
id,id
"Purchase Date","Data zakupu"
"Bill-to Name","Nazwa rachunku"
"Ship-to Name","Nazwa wysyłki"
"Grand Total (Base)","Suma całkowita (podstawowa)"
"Grand Total (Purchased)","Suma całkowita (zakupiona)"
Status,Status
"Billing Address","Adres rozliczeniowy"
"Shipping Address","Adres wysyłki"
"Shipping Information","Informacje wysyłkowe"
"Customer Email","Email klienta"
"Customer Group","Grupa klientów"
Subtotal,Suma częściowa
"Shipping and Handling","Wysyłka i doręczenie"
"Customer Name","Nazwa klienta"
"Payment Method","Metoda płatności"
"Total Refunded","Całkowity zwrot"
"Add To Archive","Dodaj do archiwum"
"Help Desk Tickets (%1)","Zadanie Help Desk(%1)"
"Help Desk Tickets","Zadanie Help Desk"
"Create ticket for this customer","Utwórz zadanie dla tego klienta"
Departments,Działy
"Add New Department","Dodaj nowy dział"
Save,Zapisz
Delete,Usuń
"Save And Continue Edit","Zapisz i Kontynuuj edycję"
"Edit Department '%1'","Edytuj dział '%1'"
"Create New Department","Utwórz nowy dział"
"General Information","Informacje ogólne"
Title,Tytuł
"[STORE VIEW]","[WIDOK SKLEPU]"
"Is Active","Jest aktywny"
No,Nie
Yes,Tak
"Is Show in Frontend","Jest wyświetlany w interfejsie użytkownika"
"Sort Order","Kolejność sortowania"
"Sender Email","E-mail nadawcy"
"Members of Department","Pracownicy działu"
Stores,Sklepy
Notification,Powiadomienia
"If ticket is unassigned, send notifications to all department members","Jeśli zadanie nie jest przypisane, wyślij powiadomienia do wszystkich członków działu"
"If ticket is unassigned, send notifications to email","Jeśli zadanie nie jest przypisane, wyślij powiadomienia na e-mail"
Active,Aktywny
Store,Sklep
Disabled,Wyłączony
Enabled,Włączony
"Change status","Zmień status"
Status,Status
"Are you sure?","Jesteś pewny?"
"Custom Fields","Pola niestandardowe"
"Add New Field","Dodaj nowe pole"
"Edit Field '%1'","Edytuj pola '%1'"
"Create New Field","Utwórz nowe pole"
Code,Kod
Type,Typ
Description,Opis
"Options list","Opcje listy"
"Only for drop-down list. <br>Enter each value from the new line using format:
                    <br>value1 | label1
                    <br>value2 | label2","Tylko dla listy rozwijanej. <br>Wprowadź wartość każdego z nowej linii w formacie:
                    <br>wartość1 | etykieta1
                    <br>wartość2 | etykieta2"
"Show value in customer account","Pokaż wartość na koncie klienta"
"Show in create ticket form","Pokaż w formularzu tworzenia ticketu"
"Show in contact us form","Pokaż w formularzu kontaktowym"
"Required for customers","Wymagany dla klientów"
"Required for staff","Wymagany dla personelu"
ID,ID
Gateways,Brama
"Add New Gateway","Dodaj nową bramkę"
"Edit Gateway '%1'","Edytuj bramkę '%1'"
"Create New Gateway","Utwórz nową bramę"
Email,Email
Login,Login
Password,Hasło
Host,Host
Protocol,Protokół
Encryption,Szyfrowanie
Port,Port
"Fetch Frequency (minutes)","Częstotliwość pobierania (w minutach)"
"Fetch Max","Pobierz Max"
"Fetch Only X Last Emails","Pobierz tylko X Ostatnie wiadomości e-mail"
"Can be useful for some mailboxes. Leave empty to disable this feature.","Może być przydatny w niektórych skrzynkach pocztowych. Pozostaw puste, aby wyłączyć tę funkcję."
"Remove emails after fetching","Usuń e-maile po pobraniu"
"Auto assign tickets to Store View","Automatyczne przypisywanie zadań do widoku sklepu"
"Auto assign tickets to department","Automatyczne przypisywanie zadań do działu"
Notes,Uwagi
"Last Fetched At","Ostatnio pobierane w"
"Last Fetch Result","Ostatni wynik pobierania"
Tickets,Zadania
Priorities,Priorytety
Statuses,Statusy
"Quick Responses","Szybkie odpowiedzi"
"SPAM patterns","Wzorce SPAM"
Permissions,Permissions
"Workflow Rules","Workflow Rules"
"Satisfaction Survey Results","Satisfaction Survey Results"
"Working Hours","Working Hours"
Settings,Settings
"Spam Filter Patterns","Spam Filter Patterns"
"Add New Pattern","Add New Pattern"
"Edit Pattern '%1'","Edit Pattern '%1'"
"Create New Pattern","Create New Pattern"
Scope,Scope
Pattern,Pattern
"e.g. /special proposal/i","e.g. /special proposal/i"
"Add New Permission","Add New Permission"
"Edit Permission ""%1""","Edit Permission ""%1"""
"Create New Permission","Create New Permission"
"All Roles","All Roles"
Role,Role
"All Departments","All Departments"
"Allows access to tickets of departments","Allows access to tickets of departments"
"Can Delete Tickets","Can Delete Tickets"
"Has Access to Tickets of Departments","Has Access to Tickets of Departments"
"Can Remove Tickets","Can Remove Tickets"
"Add New Priority","Add New Priority"
"Edit Priority '%1'","Edit Priority '%1'"
"Create New Priority","Create New Priority"
Color,Color
"Tickets Report","Tickets Report"
"Show Report","Show Report"
"Tickets Reports","Tickets Reports"
Period,Period
"New Tickets #","New Tickets #"
"Changed Tickets #","Changed Tickets #"
"Replies #","Replies #"
"Solved Tickets #","Solved Tickets #"
"1st Reply Time","1st Reply Time"
"Full Resolution Time","Full Resolution Time"
"Votes #","Votes #"
"Satisfaction Score","Satisfaction Score"
"Total Responses #","Total Responses #"
"Response Rate","Response Rate"
CSV,CSV
"Excel XML","Excel XML"
"Hour of day","Hour of day"
Day,Day
"Day of week","Day of week"
Month,Month
Year,Year
-,-
Department,Department
Agent,Agent
"Group by","Group by"
Range,Range
From,From
To,To
"Add New Rule","Add New Rule"
"Edit Rule '%1'","Edit Rule '%1'"
"Create New Rule","Create New Rule"
Actions,Actions
"Set Status","Set Status"
"Set Priority","Set Priority"
"Set Department","Set Department"
"Set Owner","Set Owner"
Archive,Archive
"Add Tags","Add Tags"
"comma-separated list","comma-separated list"
"Remove Tags","Remove Tags"
Event,Event
Conditions,Conditions
"Rule Name","Rule Name"
Priority,Priority
"Arranged in the ascending order. 0 is the highest.","Arranged in the ascending order. 0 is the highest."
"Stop Further Rules Processing","Stop Further Rules Processing"
Notifications,Notifications
"Send email to ticket owner","Send email to ticket owner"
"Send email to all department users","Send email to all department users"
"Send email to customer","Send email to customer"
"Send email to other email addresses","Send email to other email addresses"
"Email subject","Email subject"
"Email body","Email body"
"Attach files which were attached to the last message","Attach files which were attached to the last message"
"Is Stop Processing","Is Stop Processing"
"Create ticket for this order","Create ticket for this order"
"Satisfaction Survey","Satisfaction Survey"
"Edit Satisfaction '%1'","Edit Satisfaction '%1'"
"Create New Satisfaction","Create New Satisfaction"
User,User
Customer,Customer
Rate,Rate
Comment,Comment
"Created At","Created At"
"View Ticket","View Ticket"
Schedule,Schedule
"Add New Schedule","Add New Schedule"
"Edit Schedule '%1'","Edit Schedule '%1'"
"Create New Schedule","Create New Schedule"
"Schedule Name","Schedule Name"
"Active From","Active From"
"Active To","Active To"
"Affects the priority of the schedule over other schedules","Affects the priority of the schedule over other schedules"
"Is Holiday","Is Holiday"
Timezone,Timezone
"24 hrs x 7 days","24 hrs x 7 days"
"Select working days/hours","Select working days/hours"
Closed,Closed
"Working days/hours","Working days/hours"
"Open message","Open message"
"Closed message","Closed message"
"'You can use variable ' .","'You can use variable ' ."
"Spam Folder","Spam Folder"
Approve,Approve
Subject,Subject
"Customer Name","Customer Name"
"Customer Email","Customer Email"
Manually,Manually
"Rejected by","Rejected by"
"Add New Status","Add New Status"
"Edit Status '%1'","Edit Status '%1'"
"Create New Status","Create New Status"
"Add New Template","Add New Template"
"Edit Template '%1'","Edit Template '%1'"
"Create New Template","Create New Template"
"Internal Title","Internal Title"
Template,Template
"Create New Ticket","Dodaj Zadanie"
"Save & Edit","Save & Edit"
"To Archive","To Archive"
"To Spam","To Spam"
"Are you sure you want to do this?","Are you sure you want to do this?"
"To Inbox","To Inbox"
"Additional Information","Additional Information"
"Store View","Store View"
Channel,Channel
"open page","open page"
"External Link","External Link"
Tags,Tags
"Follow Up","Follow Up"
"Period Value","Period Value"
"Execute At","Execute At"
"Send Remind","Send Remind"
"Set Status To","Set Status To"
"Set Priority To","Set Priority To"
"Set Owner To","Set Owner To"
Unassigned,Unassigned
"Select the store","Select the store"
General,General
Additional,Additional
"Other Tickets (%1)","Other Tickets (%1)"
"Last Replier","Last Replier"
Owner,Owner
Replies,Replies
"Updated At","Updated At"
"Last Reply At","Ostatnia Odpowiedź"
"Last Activity","Last Activity"
Action,Action
View,View
"Change Status","Change Status"
"Change Owner","Change Owner"
Merge,Merge
"Are you sure? This action is not reversible.","Are you sure? This action is not reversible."
"Mark as spam","Mark as spam"
"Help Desk","Help Desk"
"Help Desk Settings","Help Desk Settings"
"Signature for Emails","Signature for Emails"
Helpdesk,Helpdesk
"Thank you","Thank you"
"My Tickets","My Tickets"
"'[' . . '] ' .","'[' . . '] ' ."
"New Department","New Department"
"Department  Manager","Department  Manager"
"Department Manager","Department Manager"
"Add Department ","Add Department "
"Add Department","Add Department"
"You can not delete this department, because there are gateways using it.
                         Please, change gateways settings","You can not delete this department, because there are gateways using it.
                         Please, change gateways settings"
"Department was successfully deleted","Department was successfully deleted"
"Edit Department ","Edit Department "
"The Department does not exist.","The Department does not exist."
"Please select Department(s)","Please select Department(s)"
"Total of %1 record(s) were successfully updated","Total of %1 record(s) were successfully updated"
"You can not delete department %1, because there are gateways using it.
                                 Please, change gateways settings","You can not delete department %1, because there are gateways using it.
                                 Please, change gateways settings"
"Total of %1 record(s) were successfully deleted","Total of %1 record(s) were successfully deleted"
"Department was successfully saved","Department was successfully saved"
"Unable to find Department to save","Unable to find Department to save"
"New Field","New Field"
"Field  Manager","Field  Manager"
"Field Manager","Field Manager"
"Add Field ","Add Field "
"Add Field","Add Field"
"Field was successfully deleted","Field was successfully deleted"
"Edit Field ","Edit Field "
"The Field does not exist.","The Field does not exist."
"Please select Field(s)","Please select Field(s)"
"Field was successfully saved","Field was successfully saved"
"Unable to find Field to save","Unable to find Field to save"
"Please, ask your hosting provider to enable IMAP extension in PHP configuration of your server.
                <br> Otherwise, helpdesk will not be able to fetch emails.","Please, ask your hosting provider to enable IMAP extension in PHP configuration of your server.
                <br> Otherwise, helpdesk will not be able to fetch emails."
"New Gateway","New Gateway"
"Gateway  Manager","Gateway  Manager"
"Gateway Manager","Gateway Manager"
"Add Gateway ","Add Gateway "
"Add Gateway","Add Gateway"
"Gateway was successfully deleted","Gateway was successfully deleted"
"Edit Gateway ","Edit Gateway "
"The Gateway does not exist.","The Gateway does not exist."
"Please select Gateway(s)","Please select Gateway(s)"
"Gateway was successfully saved. Connection is established.","Gateway was successfully saved. Connection is established."
"Unable to find Gateway to save","Unable to find Gateway to save"
"New Pattern","New Pattern"
"Pattern  Manager","Pattern  Manager"
"Pattern Manager","Pattern Manager"
"Add Pattern ","Add Pattern "
"Add Pattern","Add Pattern"
"Pattern was successfully deleted","Pattern was successfully deleted"
"Edit Pattern ","Edit Pattern "
"The Pattern does not exist.","The Pattern does not exist."
"Please select Pattern(s)","Please select Pattern(s)"
"Incorrect pattern: %1","Incorrect pattern: %1"
"Pattern was successfully saved","Pattern was successfully saved"
"Unable to find Pattern to save","Unable to find Pattern to save"
"New Permission","New Permission"
"Permission  Manager","Permission  Manager"
"Permission Manager","Permission Manager"
"Add Permission ","Add Permission "
"Add Permission","Add Permission"
"Permission was successfully deleted","Permission was successfully deleted"
"Edit Permission","Edit Permission"
"Edit Permission ","Edit Permission "
"The Permission does not exist.","The Permission does not exist."
"Please select Permission(s)","Please select Permission(s)"
"Permission was successfully saved","Permission was successfully saved"
"Unable to find Permission to save","Unable to find Permission to save"
"New Priority","New Priority"
"Priority  Manager","Priority  Manager"
"Priority Manager","Priority Manager"
"Add Priority ","Add Priority "
"Add Priority","Add Priority"
"Priority was successfully deleted","Priority was successfully deleted"
"Edit Priority ","Edit Priority "
"The Priority does not exist.","The Priority does not exist."
"Please select Priority(s)","Please select Priority(s)"
"Priority was successfully saved","Priority was successfully saved"
"Unable to find Priority to save","Unable to find Priority to save"
"Last updated: %1. To refresh recent statistics, click <a href=""%2"">here</a>
                    (refresh lifetime statistic <a href=""%3"">here</a>)","Last updated: %1. To refresh recent statistics, click <a href=""%2"">here</a>
                    (refresh lifetime statistic <a href=""%3"">here</a>)"
"Lifetime statistics was successfully updated","Lifetime statistics was successfully updated"
"Recent statistics was successfully updated","Recent statistics was successfully updated"
"New Rule","New Rule"
"Rule  Manager","Rule  Manager"
"Rule Manager","Rule Manager"
"Add Rule ","Add Rule "
"Add Rule","Add Rule"
"Rule was successfully deleted","Rule was successfully deleted"
"Edit Rule ","Edit Rule "
"The Rule does not exist.","The Rule does not exist."
"Please select Rule(s)","Please select Rule(s)"
"Rule was successfully saved","Rule was successfully saved"
"Unable to find Rule to save","Unable to find Rule to save"
"New Satisfaction","New Satisfaction"
"Satisfaction  Manager","Satisfaction  Manager"
"Satisfaction Manager","Satisfaction Manager"
"Add Satisfaction ","Add Satisfaction "
"Add Satisfaction","Add Satisfaction"
"Satisfaction was successfully deleted","Satisfaction was successfully deleted"
"Edit Satisfaction ","Edit Satisfaction "
"The Satisfaction does not exist.","The Satisfaction does not exist."
"Please select Satisfaction(s)","Please select Satisfaction(s)"
"Satisfaction was successfully saved","Satisfaction was successfully saved"
"Unable to find Satisfaction to save","Unable to find Satisfaction to save"
"New Schedule","New Schedule"
"Schedule Manager","Schedule Manager"
"Add Schedule ","Add Schedule "
"Add Schedule","Add Schedule"
"You can not delete this schedule, because there are gateways using it.
                         Please, change gateways settings","You can not delete this schedule, because there are gateways using it.
                         Please, change gateways settings"
"Schedule was successfully deleted","Schedule was successfully deleted"
"Edit Schedule ","Edit Schedule "
"The Schedule does not exist.","The Schedule does not exist."
Schedules,Schedules
"Please select Schedule(s)","Please select Schedule(s)"
"You can not delete schedule %1, because there are gateways using it.
                                 Please, change gateways settings","You can not delete schedule %1, because there are gateways using it.
                                 Please, change gateways settings"
"Working days/hours is a required field.","Working days/hours is a required field."
"Schedule was successfully saved","Schedule was successfully saved"
"Unable to find Schedule to save","Unable to find Schedule to save"
"Ticket was successfully moved to the Tickets folder","Ticket was successfully moved to the Tickets folder"
"Edit Spam '%1'","Edit Spam '%1'"
"Edit Spam ","Edit Spam "
"The spam does not exist.","The spam does not exist."
"Please select spam(s)","Please select spam(s)"
"Total of %1 record(s) were successfully moved to the Tickets folder","Total of %1 record(s) were successfully moved to the Tickets folder"
"New Status","New Status"
"Status  Manager","Status  Manager"
"Status Manager","Status Manager"
"Add Status ","Add Status "
"Add Status","Add Status"
"Status was successfully deleted","Status was successfully deleted"
"Edit Status ","Edit Status "
"The Status does not exist.","The Status does not exist."
"Please select Status(s)","Please select Status(s)"
"Status was successfully saved","Status was successfully saved"
"Unable to find Status to save","Unable to find Status to save"
"New Template","New Template"
"Template  Manager","Template  Manager"
"Template Manager","Template Manager"
"Add Template ","Add Template "
"Add Template","Add Template"
"Template was successfully deleted","Template was successfully deleted"
"Edit Template ","Edit Template "
"The Template does not exist.","The Template does not exist."
"Please select Template(s)","Please select Template(s)"
"Template was successfully saved","Template was successfully saved"
"Unable to find Template to save","Unable to find Template to save"
"New Ticket","New Ticket"
"Ticket Manager","Ticket Manager"
"Add Ticket ","Add Ticket "
"Add Ticket","Add Ticket"
"Ticket was moved to archive","Ticket was moved to archive"
"Ticket was successfully deleted","Ticket was successfully deleted"
"Edit Ticket ","Edit Ticket "
"The ticket does not exist.","The ticket does not exist."
"Please select ticket(s)","Please select ticket(s)"
"Total of %1 record(s) were moved to the Spam folder","Total of %1 record(s) were moved to the Spam folder"
"You don't have permission for this operation.","You don't have permission for this operation."
"A total of %1 record(s) have been deleted.","A total of %1 record(s) have been deleted."
"Total of %1 record(s) were successfully merged","Total of %1 record(s) were successfully merged"
"Ticket was moved to Inbox","Ticket was moved to Inbox"
"Message was successfully sent","Message was successfully sent"
"Ticket was successfully updated","Ticket was successfully updated"
"Unable to find ticket to save","Unable to find ticket to save"
"Ticket was moved to the Spam folder","Ticket was moved to the Spam folder"
"Your request was successfully submitted. You should receive a confirmation email shortly.","Your request was successfully submitted. You should receive a confirmation email shortly."
Telephone,Telephone
"Your inquiry was submitted and will be responded to as soon as possible. Thank you for contacting us.","Your inquiry was submitted and will be responded to as soon as possible. Thank you for contacting us."
"Unable to submit your request. Please, try again later","Unable to submit your request. Please, try again later"
"Your message was successfuly posted","Your message was successfuly posted"
"Your ticket was successfuly posted","Your ticket was successfuly posted"
"Ticket was successfuly closed","Ticket was successfuly closed"
"%1 Help Desk","%1 Help Desk"
"You have %1 unread notifications.","You have %1 unread notifications."
"Ticket ""%1"" was created.","Ticket ""%1"" was created."
"New message was added to the ticket ""%1""","New message was added to the ticket ""%1"""
"Ticket ""%1"" was assigned to you.","Ticket ""%1"" was assigned to you."
"%1 is editing now","%1 is editing now"
"%1 has opened this ticket %2","%1 has opened this ticket %2"
"%1 have opened this ticket %2","%1 have opened this ticket %2"
"please type your reply above this line","please type your reply above this line"
"Can't fetch.
                Please, ask your hosting provider to enable IMAP extension in PHP configuration of your server.","Can't fetch.
                Please, ask your hosting provider to enable IMAP extension in PHP configuration of your server."
"Rule '%1'","Rule '%1'"
"%1: %2 => %3","%1: %2 => %3"
"%1: %2","%1: %2"
"Ticket was merged to: %1","Ticket was merged to: %1"
"Ticket was merged with: %1","Ticket was merged with: %1"
"Message added","Message added"
"Internal note added","Internal note added"
"Third party message added","Third party message added"
"Private third party message added","Private third party message added"
"-- Please Select --","-- Please Select --"
" at %1 (%2) - %3"," at %1 (%2) - %3"
"You don't have permissions to read this ticket. Please, contact your administrator.","You don't have permissions to read this ticket. Please, contact your administrator."
"Invalid Customer Email","Invalid Customer Email"
"Ticket was merged to %1","Ticket was merged to %1"
"not set","not set"
"Attribute Value","Attribute Value"
Default,Default
Integer,Integer
Price,Price
"Strip Tags","Strip Tags"
"Ticket Attributes","Ticket Attributes"
"Open Ticket","Open Ticket"
"Open Tickets","Open Tickets"
"AW Helpdesk","AW Helpdesk"
"MW Helpdesk","MW Helpdesk"
"File System","File System"
Database,Database
Aqua,Aqua
Grey,Grey
Navy,Navy
Silver,Silver
Black,Black
Green,Green
Olive,Olive
Teal,Teal
Blue,Blue
Lime,Lime
Purple,Purple
Fuchsia,Fuchsia
Maroon,Maroon
Red,Red
Orange,Orange
Yellow,Yellow
NONE,NONE
SSL,SSL
Text,Text
"Multi-line text","Multi-line text"
Date,Date
Checkbox,Checkbox
"Drop-down list","Drop-down list"
"In minutes...","In minutes..."
"In hours...","In hours..."
"In days...","In days..."
"In weeks...","In weeks..."
"In months...","In months..."
Custom,Custom
"Move to Archive","Move to Archive"
"Move from Archive","Move from Archive"
"All users","All users"
Left,Left
Right,Right
POP,POP
IMAP,IMAP
Great!,Great!
OK,OK
Bad,Bad
"--Please Select--","--Please Select--"
"New ticket created","New ticket created"
"New reply from customer","New reply from customer"
"New reply from staff","New reply from staff"
"New reply from third party","New reply from third party"
"Ticket assigned to staff","Ticket assigned to staff"
"Ticket was changed","Ticket was changed"
"Check every hour","Check every hour"
Headers,Headers
Body,Body
"Using Department Name (e.g. Sales)","Using Department Name (e.g. Sales)"
"Using Staff Name (e.g. John Doe)","Using Staff Name (e.g. John Doe)"
"Last Reply","Last Reply"
"View link","View link"
Success,Success
"Pattern is invalid","Pattern is invalid"
"Update the Ticket","Update the Ticket"
"Conditions Combination","Conditions Combination"
"Ticket Attribute","Ticket Attribute"
"Last 7-days Clicks","Last 7-days Clicks"
"Last 7-days Orders","Last 7-days Orders"
"Last 7-days Revenue","Last 7-days Revenue"
"Last 7-days Conversation Rate (%)","Last 7-days Conversation Rate (%)"
"Attribute Set","Attribute Set"
Category,Category
Quantity,Quantity
"Product Type","Product Type"
"Base Image","Base Image"
Thumbnail,Thumbnail
"Small Image","Small Image"
"Base Image Size (bytes)","Base Image Size (bytes)"
"Thumbnail Size (bytes)","Thumbnail Size (bytes)"
"Small Image Size (bytes)","Small Image Size (bytes)"
"PHP Condition","PHP Condition"
"Open Chooser","Open Chooser"
"Last message body","Last message body"
"Priority (before change)","Priority (before change)"
"Status (before change)","Status (before change)"
"Department (before change)","Department (before change)"
"Owner (before change)","Owner (before change)"
"Last Reply By","Last Reply By"
"Hours since Created","Hours since Created"
"Hours since Updated","Hours since Updated"
"Hours since Last reply","Hours since Last reply"
"%1 (before change)","%1 (before change)"
Staff,Staff
"- Disable these emails -","- Disable these emails -"
"Help desk can't fetch emails. ","Help desk can't fetch emails. "
"<br> To temporary hide this message, disable all <a href=""%1"">help desk gateways</a>.","<br> To temporary hide this message, disable all <a href=""%1"">help desk gateways</a>."
"Help Desk can't fetch new emails.
                 Please, check that you are running cron for bin/magento mirasvit:helpdesk:run.","Help Desk can't fetch new emails.
                 Please, check that you are running cron for bin/magento mirasvit:helpdesk:run."
Inbox,Inbox
Spam,Spam
"show source","show source"
"to %1 (third party)","to %1 (third party)"
"%1 (third party)","%1 (third party)"
"Satisfaction survey","Satisfaction survey"
"added %1 (%2)","added %1 (%2)"
"Ticket Summary","Ticket Summary"
"Ticket Owner","Ticket Owner"
"Additional Info","Additional Info"
"Done by","Done by"
Changes,Changes
Name,Name
"Attach files","Attach files"
Submit,Submit
"Submit Ticket","Submit Ticket"
"Contact Information","Contact Information"
"We are open 24 x 7","We are open 24 x 7"
"We are closed","We are closed"
"Timezone: %1","Timezone: %1"
"Ticket History","Ticket History"
"Please take a second to rate my reply...","Please take a second to rate my reply..."
Great,Great
Awesome,Awesome
"Fast, friendly, helpful, pleasant. Great job!","Fast, friendly, helpful, pleasant. Great job!"
"Just Okay","Just Okay"
"Fine, but definitely could have been better.","Fine, but definitely could have been better."
"Not good","Not good"
"Unfortunately, I wasn't happy with it at all.","Unfortunately, I wasn't happy with it at all."
"Thank you for participating in our survey!","Thank you for participating in our survey!"
"If you would like to provide additional comments, please do so below:","If you would like to provide additional comments, please do so below:"
Message,Message
"Submit Message","Submit Message"
"Thank you for your feedback!","Thank you for your feedback!"
"You don't have open tickets","You don't have open tickets"
Attachments,Attachments
Order,Order
"-- Select an Order --","-- Select an Order --"
"Request ID","Request ID"
"Post a Reply","Post a Reply"
"Reopen Ticket","Reopen Ticket"
"Close Ticket","Close Ticket"
History,History
"Back to My Tickets","Back to My Tickets"
"Customer Summary","Customer Summary"
"Assigned To Customer","Assigned To Customer"
Edit,Edit
"Assigned To Order","Assigned To Order"
"Customer does not have orders.","Customer does not have orders."
"Dear %name,","Dear %name,"
"Thank you for contacting us!","Thank you for contacting us!"
"This is an automated response confirming the receipt of your ticket. One of our agents will get
                back to you
                as soon as possible.","This is an automated response confirming the receipt of your ticket. One of our agents will get
                back to you
                as soon as possible."
"Ticket ID","Ticket ID"
Details,Details
"You can check the status of reply to this ticket online at:","You can check the status of reply to this ticket online at:"
"Priority for new tickets","Priority for new tickets"
"Status for new tickets","Status for new tickets"
"Sign staff replies","Sign staff replies"
"Move Ticket to Archive if it has one of following statuses","Move Ticket to Archive if it has one of following statuses"
"Create Tickets from Contact Us form","Create Tickets from Contact Us form"
"Send blind carbon copy (BCC) of all emails to","Send blind carbon copy (BCC) of all emails to"
"Use default magento cron","Use default magento cron"
"Store attachments in","Store attachments in"
"Enable Feedback Tab","Enable Feedback Tab"
"Assign to Department","Assign to Department"
"Tab Color","Tab Color"
"Tab Title","Tab Title"
"Tab Position","Tab Position"
"Form Title","Form Title"
"Subject Title","Subject Title"
"Subject Placeholder","Subject Placeholder"
"Description Title","Description Title"
"Description Placeholder","Description Placeholder"
"Allow customer to attach files","Allow customer to attach files"
"Allow customer to select Priority","Allow customer to select Priority"
"Allow customer to select Department","Allow customer to select Department"
"Show Ticket ID in the email title","Show Ticket ID in the email title"
"Number of last replies to show in the ticket history","Number of last replies to show in the ticket history"
"Template of New Ticket Email for Customer","Template of New Ticket Email for Customer"
"Template of New Ticket Email for Staff","Template of New Ticket Email for Staff"
"Template of New Message Email for Customer","Template of New Message Email for Customer"
"Template of New Message Email for Staff","Template of New Message Email for Staff"
"Template of New Message Email for Third Party","Template of New Message Email for Third Party"
"Template of Ticket Reminder","Template of Ticket Reminder"
"Template of Rule Notification","Template of Rule Notification"
"Template of Survey Satisfaction Result","Template of Survey Satisfaction Result"
"Include a satisfaction survey in a reply email from staff","Include a satisfaction survey in a reply email from staff"
"Show survey results in the backend ticket history","Show survey results in the backend ticket history"
"Send survey result to ticket owner","Send survey result to ticket owner"
"Send survey result to emails","Send survey result to emails"
"Show Help Desk section in Customer Account","Show Help Desk section in Customer Account"
"Allow customer to select Order","Allow customer to select Order"
"Activate Sandbox","Activate Sandbox"
"Send All Outgoing emails to Email","Send All Outgoing emails to Email"
"Solved Statuses","Solved Statuses"
"Notifications check period, sec","Notifications check period, sec"
"Show notification about arriving of new tickets for","Show notification about arriving of new tickets for"
"Enable notification about arriving of new messages in tickets assigned for user","Enable notification about arriving of new messages in tickets assigned for user"
"Enable notification about assigning a ticket to the user","Enable notification about assigning a ticket to the user"
"Show online/offline status on the Contact Us page","Show online/offline status on the Contact Us page"
"Show online/offline status in the Feedback popup","Show online/offline status in the Feedback popup"
"Show online/offline status in the Customer Account > My Tickets","Show online/offline status in the Customer Account > My Tickets"
"Default message when we are open","Default message when we are open"
"Default message when we are closed","Default message when we are closed"
"Show working hours on the Contact Us page","Show working hours on the Contact Us page"
"Show holiday schedule in X days before activation","Show holiday schedule in X days before activation"
"Working schedule title","Working schedule title"
"Upcoming working schedule title","Upcoming working schedule title"
"Helpdesk Contact Form","Helpdesk Contact Form"
Select...,Select...
"Delete items","Delete items"
"Are you sure you wan't to delete selected items?","Are you sure you wan't to delete selected items?"
Folder,Folder
Created,Created
Modified,Modified
"Add New Email","Add New Email"
"Save Email Report","Save Email Report"
"Send now","Send now"
"Save","Save"
"Save & Close","Save & Close"
"Reports","Reports"
"General Information","General Information"
"Title","Title"
"Status","Status"
"Enabled","Enabled"
"Disabled","Disabled"
"Subject","Subject"
"Recipient","Recipient"
"Separate e-mails by commas","Separate e-mails by commas"
"Schedule","Schedule"
"Email Report Information","Email Report Information"
"Content","Content"
"ID","ID"
"Action","Action"
"Email Notifications","Email Notifications"
"The email report has been deleted.","The email report has been deleted."
"This email report no longer exists.","This email report no longer exists."
"This email no longer exists.","This email no longer exists."
"Edit Email ""%1""","Edit Email ""%1"""
"New Email Report","New Email Report"
"You saved the email report.","You saved the email report."
"Email was sent.","Email was sent."
"All Store Views","All Store Views"
"Undefined column ""%1""","Undefined column ""%1"""
"Field %1 not exists in table %2","Field %1 not exists in table %2"
"Table '%1' is not defined.","Table '%1' is not defined."
"Malformed column name '%1'.","Malformed column name '%1'."
"Report %1 is not defined.","Report %1 is not defined."
"records found","records found"
"selected","selected"
"per page","per page"
"Previous page","Previous page"
"of %1","of %1"
"Next page","Next page"
"Show Report For:","Show Report For:"
"All Websites","All Websites"
"Blocks","Blocks"
"Block","Block"
"Time Range","Time Range"
"Rows Limit","Rows Limit"
"Add Block","Add Block"
"Delete","Delete"
"We couldn't find any records.","We couldn't find any records."
"CSV","CSV"
